Committer,New Lines,Updated Lines,Deleted Lines
Micah.Monroe,0,64,0
Micah.Monroe,0,64,0
Micah.Monroe,0,304,54
Micah.Monroe,0,304,54
Collin Monahan,0,73,0
Collin Monahan,0,73,0
Micah.Monroe,0,129,0
Micah.Monroe,0,129,0
Micah.Monroe,0,1434,101
Micah.Monroe,0,1434,101
Collin Monahan,10,21,0
Collin Monahan,10,21,0
Will Williams,0,186,0
Will Williams,0,186,0
Will Williams,0,677,0
Will Williams,0,677,0
Blake Bryce,0,676,272
Blake Bryce,0,676,272
Nick Pisarski,0,167,572
Nick Pisarski,0,167,572
Rob Benton,0,10,0
Rob Benton,0,10,0
Gustavo Sarmiento,131,423,446
Gustavo Sarmiento,131,423,446
Gustavo Sarmiento,0,601,334
Gustavo Sarmiento,0,601,334
Aaron R. Davis,0,65,1922
Aaron R. Davis,0,65,1922
Parker Weatherly,199,561,414
Parker Weatherly,199,561,414
Collin Monahan,0,0,10
Collin Monahan,0,0,10
Aaron R. Davis,0,321,164
Aaron R. Davis,0,321,164
Bibek Bhattarai,16,235,113
Bibek Bhattarai,16,235,113
Rob Benton,138,410,290
Rob Benton,138,410,290
John.Need,0,84,0
John.Need,0,84,0
Gustavo Sarmiento,0,94,0
Gustavo Sarmiento,0,94,0
Blake Bryce,0,0,76
Blake Bryce,0,0,76
Carlos Salazar,21,565,161
Carlos Salazar,21,565,161
Micah.Monroe,0,74,0
Micah.Monroe,0,81,0
Micah.Monroe,0,95,0
Micah.Monroe,0,95,0
Blake Bryce,0,138,0
Blake Bryce,0,138,0
Blake Bryce,0,64,0
Blake Bryce,0,64,0
Blake Bryce,0,11,0
Gustavo Sarmiento,0,332,319
Adina Micula,0,415,241
Blake Bryce,0,82,0
Parker Weatherly,0,369,421
Rob Benton,0,211,197
John Need,0,10,0
Gustavo Sarmiento,109,44,513
Adina Micula,0,66,0
John Need,0,10,0
John.Need,0,112,126
Micah.Monroe,0,498,36
Gustavo Sarmiento,0,379,482
Blake Bryce,547,983,641
Micah.Monroe,0,240,164
Nick Pisarski,0,212,0
Blake Bryce,0,6,159
Nick Pisarski,0,362,0
Micah.Monroe,0,230,238
Carlos Salazar,0,68,0
Gustavo Sarmiento,0,58,0
Bibek Bhattarai,0,51,132
Gustavo Sarmiento,0,96,24
Adina Micula,0,18,246
Parker Weatherly,0,760,215
Rob Benton,0,1545,0
Aaron R. Davis,0,688,0
Gustavo Sarmiento,0,338,96
Micah.Monroe,0,92,0
Micah.Monroe,0,374,190
John.Need,0,38,73
John.Need,0,64,88
Blake Bryce,0,27,0
Micah.Monroe,0,36,67
Micah.Monroe,34,140,149
Aaron R. Davis,0,121,20
Blake Bryce,0,113,15
Gustavo Sarmiento,83,582,196
Micah.Monroe,0,385,0
Aaron R. Davis,25,337,109
Blake Bryce,0,141,79
Jordan Williams,0,40,0
Blake Bryce,0,362,192
Will Williams,0,64,0
Chris Wahl,0,110,21
Parker Weatherly,0,546,330
Nick Pisarski,76,242,291
Adina Micula,0,265,64
Nick Pisarski,76,686,110
Carlos Salazar,90,696,403
Rob Benton,386,726,219
Bibek Bhattarai,0,346,223
Nick Pisarski,0,10,0
Blake Bryce,0,302,52
Micah.Monroe,0,86,161
Blake Bryce,0,26,19
Parker Weatherly,0,74,0
Micah.Monroe,0,231,0
Nick Pisarski,0,45,0
Micah.Monroe,0,103,188
Ambhrin Dhar,0,544,763
Parker Weatherly,0,37,0
Gustavo Sarmiento,14130,1431,0
Gustavo Sarmiento,0,767,835
Gustavo Sarmiento,0,27,14130
Gustavo Sarmiento,0,118,192
Nick Pisarski,0,104,99
Will Williams,0,49,0
Adina Micula,54,317,37
Adina Micula,0,81,0
Gustavo Sarmiento,0,17,0
Nick Pisarski,0,10,0
Blake Bryce,0,495,34
Bibek Bhattarai,0,49,42
Will Williams,0,76,0
Carlos Salazar,0,260,0
Parker Weatherly,0,272,302
Gustavo Sarmiento,0,248,330
Gustavo Sarmiento,0,312,399
Will Williams,0,68,0
Blake Bryce,0,96,7
Adina Micula,0,54,0
Blake Bryce,124,173,207
Gustavo Sarmiento,0,1021,0
Aaron R. Davis,0,587,129
Michelle Vancza,0,34,0
Will Williams,0,249,57
Micah.Monroe,0,0,32
Gustavo Sarmiento,0,19,0
Gustavo Sarmiento,0,189,0
Nick Pisarski,197,175,0
Nick Pisarski,0,97,430
Nick Pisarski,0,35,207
Micah.Monroe,0,367,203
Blake Bryce,98,4949,0
Blake Bryce,0,39,0
Gustavo Sarmiento,0,900,628
Adina Micula,26,1701,0
Adina Micula,0,101,163
Aaron R. Davis,0,128,0
Gustavo Sarmiento,0,154,173
Rob Benton,0,322,0
Nick Pisarski,0,22,0
Jordan Williams,0,19,309
Ravikumar Basker,0,132,0
Blake Bryce,46,183,151
Rob Benton,0,0,203
Gustavo Sarmiento,0,53,0
Aaron R. Davis,0,878,0
Blake Bryce,0,258,433
Rob Benton,0,413,0
Gustavo Sarmiento,261,589,833
Aaron R. Davis,0,665,68
Nick Pisarski,0,11,0
Blake Bryce,0,54,0
Rob Benton,0,265,0
Blake Bryce,0,16,0
Blake Bryce,0,231,0
Blake Bryce,0,6768,3
Nick Pisarski,817,9,0
Micah.Monroe,142,77190,0
Rob Benton,0,55,391
Aaron R. Davis,0,1199,15
Blake Bryce,0,26,0
Blake Bryce,0,679,243
Blake Bryce,0,76998,92
Will Williams,0,175,8
Blake Bryce,0,24,57
Will Williams,0,109,0
Micah.Monroe,0,68,1076
Rob Benton,0,132,0
Fernanda Frers,1,564,538
Ravikumar Basker,0,208,695
Blake Bryce,966,37,0
Rob Benton,0,1131,5
Blake Bryce,17,351,59
Parker Weatherly,49,590,6
John E. Langston,0,237,0
Chris Wahl,143,442,111
Carlos Salazar,0,91,0
Fernanda Frers,0,25,0
Blake Bryce,0,1140,0
Blake Bryce,0,263,0
Will Williams,0,80,444
Blake Bryce,0,27,130
Rob Benton,0,26,10
John E. Langston,0,357,404
Rob Benton,0,7,164
Rob Benton,94,253,181
Rob Benton,0,143,0
Blake Bryce,813,625,1030
Fernanda Frers,0,316,139
Fernanda Frers,12,317,553
Rob Benton,0,18,75
Aaron R. Davis,0,117,0
Aaron R. Davis,0,315,0
Blake Bryce,370,276,0
Carlos Salazar,0,1000,0
Blake Bryce,9,1212,495
Srikanth Reddy,0,2504,171
Andrew Natoli,0,140,126
Joshua Chrestman,0,19,318
Blake Bryce,205,1197,365
Rob Benton,0,31,807
Rob Benton,0,19,531
Gustavo Sarmiento,0,98,0
Carlos Salazar,0,333,0
Carlos Salazar,0,356,653
Rob Benton,0,55,420
Aaron R. Davis,170,525,744
Gustavo Sarmiento,0,29,469
Sandeep Parukoti,0,706,0
Carlos Salazar,66,826,296
Andrew Natoli,0,109,0
Blake Bryce,63,416,65
Blake Bryce,0,21,0
Blake Bryce,0,35,0
Andrew Natoli,1,36790,67
Michelle Vancza,72,336,0
Blake Bryce,0,1,0
Blake Bryce,33,2961,403
Blake Bryce,0,42,0
Andrew Natoli,0,10,0
Andrew Natoli,0,40,0
Blake Bryce,0,5466,567
Blake Bryce,0,21,122
Blake Bryce,0,51,4
Blake Bryce,0,2276,0
Brad Merrell,77,110,155
Rob Benton,0,20,286
Mrinalini Shekhawat,0,199,84
Carlos Salazar,0,353,65
Brad Merrell,0,216,257
Parker Weatherly,0,0,78
Carlos Salazar,0,499,607
Carlos Salazar,0,97,144
Andrew Natoli,13,9,0
Andrew Natoli,254,374,1334
Rob Benton,0,19,422
Brad Merrell,0,29,0
Rob Benton,0,46,1206
Rob Benton,0,36,353
Michelle Vancza,95,770,1073
Michelle Vancza,0,186,348
Brad Merrell,0,82,32
Andrew Natoli,0,36,154
Andrew Natoli,20,149,162
Brad Merrell,0,56,121
Andrew Natoli,0,21,0
Michelle Vancza,0,16924,95
Andrew Natoli,0,26,0
Andrew Natoli,0,0,21
Brad Merrell,0,0,504
Brad Merrell,0,13,183
Michelle Vancza,0,747,354
Michelle Vancza,0,1024,235
Brad Merrell,0,125,667
Rob Benton,0,42,59
Michelle Vancza,0,98,0
Michelle Vancza,0,97,0
Andrew Natoli,46,13010,395
Rob Benton,0,10,61
Michelle Vancza,0,53356,416
Michelle Vancza,0,53356,416
Andrew Natoli,0,560,254
Andrew Natoli,0,560,254
Michelle Vancza,86,2064,245
Michelle Vancza,86,2064,245
Michelle Vancza,0,3854,1215
Michelle Vancza,0,3854,1215
Brad Merrell,46,98,945
Brad Merrell,46,98,945
Brad Merrell,0,1818,814
Brad Merrell,0,1818,814
Andrew Natoli,0,8373,421
Andrew Natoli,142,0,0
Andrew Natoli,18881,0,0
